,Title,Links,Detail,Price,Ratings
0,,,,,
1,Private room in Honolulu,https://www.airbnb.com/rooms/8353253?check_in=2022-08-14&check_out=2022-09-05&previous_page_section_name=1000&federated_search_id=6d2af8b7-85aa-40da-a19a-0e287942e861,1 double bed,$108 per night,4.93 (90)
2,Condo in Kapolei,https://www.airbnb.com/rooms/52354242?check_in=2022-08-14&check_out=2022-09-05&previous_page_section_name=1000&federated_search_id=6d2af8b7-85aa-40da-a19a-0e287942e861,2 beds,$338 per night,4.86 (7)
3,Private room in Honolulu,https://www.airbnb.com/rooms/5239302?check_in=2022-08-14&check_out=2022-09-05&previous_page_section_name=1000&federated_search_id=6d2af8b7-85aa-40da-a19a-0e287942e861,1 queen bed,"$114 per night, originally $138",4.94 (110)
4,Hotel room in Honolulu,https://www.airbnb.com/rooms/549387797494551181?check_in=2022-08-14&check_out=2022-09-05&previous_page_section_name=1000&federated_search_id=6d2af8b7-85aa-40da-a19a-0e287942e861,1 bed,$166 per night,4.23 (265)
5,Hotel room in Honolulu,https://www.airbnb.com/rooms/50897977?check_in=2022-08-14&check_out=2022-09-05&previous_page_section_name=1000&federated_search_id=6d2af8b7-85aa-40da-a19a-0e287942e861,1 king bed,$160 per night,4.26 (39)
6,Camper/RV in Honolulu,https://www.airbnb.com/rooms/690446952437754305?check_in=2022-08-14&check_out=2022-09-05&previous_page_section_name=1000&federated_search_id=6d2af8b7-85aa-40da-a19a-0e287942e861,1 bed,$133 per night,New
7,Condo in Honolulu,https://www.airbnb.com/rooms/42606776?check_in=2022-08-14&check_out=2022-09-05&previous_page_section_name=1000&federated_search_id=6d2af8b7-85aa-40da-a19a-0e287942e861,1 queen bed,"$240 per night, originally $277",New
8,Condo in Honolulu,https://www.airbnb.com/rooms/44407253?check_in=2022-08-14&check_out=2022-09-05&previous_page_section_name=1000&federated_search_id=6d2af8b7-85aa-40da-a19a-0e287942e861,,"$224 per night, originally $246",4.8 (5)
9,Condo in Honolulu,https://www.airbnb.com/rooms/47181656?check_in=2022-08-14&check_out=2022-09-05&previous_page_section_name=1000&federated_search_id=6d2af8b7-85aa-40da-a19a-0e287942e861,3 beds,"$363 per night, originally $456",4.87 (31)
10,Condo in Honolulu,https://www.airbnb.com/rooms/54168114?check_in=2022-08-14&check_out=2022-09-05&previous_page_section_name=1000&federated_search_id=6d2af8b7-85aa-40da-a19a-0e287942e861,2 beds,$283 per night,5.0 (7)
11,Condo in Honolulu,https://www.airbnb.com/rooms/4715181?check_in=2022-08-14&check_out=2022-09-05&previous_page_section_name=1000&federated_search_id=6d2af8b7-85aa-40da-a19a-0e287942e861,1 bed,$286 per night,New
12,Condo in Honolulu ,https://www.airbnb.com/rooms/24396528?check_in=2022-08-14&check_out=2022-09-05&previous_page_section_name=1000&federated_search_id=6d2af8b7-85aa-40da-a19a-0e287942e861,2 beds,$297 per night,4.67 (3)
13,Hotel room in Honolulu,https://www.airbnb.com/rooms/21175015?check_in=2022-08-14&check_out=2022-09-05&previous_page_section_name=1000&federated_search_id=6d2af8b7-85aa-40da-a19a-0e287942e861,2 beds,$286 per night,5.0 (8)
14,Condo in Honolulu,https://www.airbnb.com/rooms/689332356756272637?check_in=2022-08-14&check_out=2022-09-05&previous_page_section_name=1000&federated_search_id=6d2af8b7-85aa-40da-a19a-0e287942e861,1 bed,$257 per night,New
15,Hotel room in Honolulu,https://www.airbnb.com/rooms/43433712?check_in=2022-08-14&check_out=2022-09-05&previous_page_section_name=1000&federated_search_id=6d2af8b7-85aa-40da-a19a-0e287942e861,1 king bed,$330 per night,4.88 (8)
16,Vacation home in Kapolei,https://www.airbnb.com/rooms/670265968082062765?check_in=2022-08-14&check_out=2022-09-05&previous_page_section_name=1000&federated_search_id=6d2af8b7-85aa-40da-a19a-0e287942e861,3 beds,$656 per night,New
17,Home in Honolulu,https://www.airbnb.com/rooms/45902773?check_in=2022-08-14&check_out=2022-09-05&previous_page_section_name=1000&federated_search_id=6d2af8b7-85aa-40da-a19a-0e287942e861,4 beds,"$1,089 per night",5.0 (14)
18,Townhouse in Honolulu,https://www.airbnb.com/rooms/5307830?check_in=2022-08-14&check_out=2022-09-05&previous_page_section_name=1000&federated_search_id=6d2af8b7-85aa-40da-a19a-0e287942e861,10 beds,"$1,121 per night",4.93 (40)
19,Condo in Honolulu,https://www.airbnb.com/rooms/40992274?check_in=2022-08-14&check_out=2022-09-05&previous_page_section_name=1000&federated_search_id=6d2af8b7-85aa-40da-a19a-0e287942e861,2 queen beds,$361 per night,4.88 (16)
20,Apartment in Honolulu,https://www.airbnb.com/rooms/676685523088344570?check_in=2022-08-14&check_out=2022-09-05&previous_page_section_name=1000&federated_search_id=6d2af8b7-85aa-40da-a19a-0e287942e861,1 bed,$284 per night,New
21,Hotel room in Honolulu,https://www.airbnb.com/rooms/34749905?check_in=2022-08-14&check_out=2022-09-05&previous_page_section_name=1000&federated_search_id=ba08b3d6-a415-4ac6-aa13-991d74bacb74,1 king bed,"$213 per night, originally $251",3.6 (5)
22,Condo in Honolulu,https://www.airbnb.com/rooms/42563205?check_in=2022-08-14&check_out=2022-09-05&previous_page_section_name=1000&federated_search_id=ba08b3d6-a415-4ac6-aa13-991d74bacb74,1 queen bed,"$240 per night, originally $277",5.0 (5)
23,Condo in Honolulu,https://www.airbnb.com/rooms/44362027?check_in=2022-08-14&check_out=2022-09-05&previous_page_section_name=1000&federated_search_id=ba08b3d6-a415-4ac6-aa13-991d74bacb74,,"$238 per night, originally $261",4.25 (4)
24,Hotel room in Honolulu,https://www.airbnb.com/rooms/50897997?check_in=2022-08-14&check_out=2022-09-05&previous_page_section_name=1000&federated_search_id=ba08b3d6-a415-4ac6-aa13-991d74bacb74,2 beds,$170 per night,3.67 (12)
25,Home in Ewa Beach,https://www.airbnb.com/rooms/44508456?check_in=2022-08-14&check_out=2022-09-05&previous_page_section_name=1000&federated_search_id=ba08b3d6-a415-4ac6-aa13-991d74bacb74,4 beds,$859 per night,4.8 (5)
26,Condo in Honolulu,https://www.airbnb.com/rooms/569702226816888704?check_in=2022-08-14&check_out=2022-09-05&previous_page_section_name=1000&federated_search_id=ba08b3d6-a415-4ac6-aa13-991d74bacb74,2 beds,"$376 per night, originally $458",New
27,Home in Honolulu,https://www.airbnb.com/rooms/13960740?check_in=2022-08-14&check_out=2022-09-05&previous_page_section_name=1000&federated_search_id=ba08b3d6-a415-4ac6-aa13-991d74bacb74,6 beds,$744 per night,4.92 (78)
28,Home in Haleiwa,https://www.airbnb.com/rooms/654118237624608884?check_in=2022-08-14&check_out=2022-09-05&previous_page_section_name=1000&federated_search_id=ba08b3d6-a415-4ac6-aa13-991d74bacb74,2 beds,$637 per night,New
29,Home in Haleiwa,https://www.airbnb.com/rooms/685932095916558273?check_in=2022-08-14&check_out=2022-09-05&previous_page_section_name=1000&federated_search_id=ba08b3d6-a415-4ac6-aa13-991d74bacb74,9 beds,$977 per night,New
30,Home in Honolulu,https://www.airbnb.com/rooms/53860223?check_in=2022-08-14&check_out=2022-09-05&previous_page_section_name=1000&federated_search_id=ba08b3d6-a415-4ac6-aa13-991d74bacb74,6 beds,"$3,665 per night",New
31,Condo in Honolulu,https://www.airbnb.com/rooms/30740076?check_in=2022-08-14&check_out=2022-09-05&previous_page_section_name=1000&federated_search_id=ba08b3d6-a415-4ac6-aa13-991d74bacb74,2 beds,$381 per night,4.38 (8)
32,Condo in Honolulu,https://www.airbnb.com/rooms/51684558?check_in=2022-08-14&check_out=2022-09-05&previous_page_section_name=1000&federated_search_id=ba08b3d6-a415-4ac6-aa13-991d74bacb74,1 bed,$270 per night,New
33,Condo in Honolulu,https://www.airbnb.com/rooms/39939965?check_in=2022-08-14&check_out=2022-09-05&previous_page_section_name=1000&federated_search_id=ba08b3d6-a415-4ac6-aa13-991d74bacb74,1 king bed,"$240 per night, originally $277",New
34,Apartment in Honolulu,https://www.airbnb.com/rooms/50291800?check_in=2022-08-14&check_out=2022-09-05&previous_page_section_name=1000&federated_search_id=ba08b3d6-a415-4ac6-aa13-991d74bacb74,1 bed,$316 per night,New
35,Apartment in Honolulu,https://www.airbnb.com/rooms/650193437729475063?check_in=2022-08-14&check_out=2022-09-05&previous_page_section_name=1000&federated_search_id=ba08b3d6-a415-4ac6-aa13-991d74bacb74,1 bed,$366 per night,New
36,Private room in Honolulu,https://www.airbnb.com/rooms/4614657?check_in=2022-08-14&check_out=2022-09-05&previous_page_section_name=1000&federated_search_id=ba08b3d6-a415-4ac6-aa13-991d74bacb74,3 beds,$230 per night,New
37,Home in Honolulu,https://www.airbnb.com/rooms/53347337?check_in=2022-08-14&check_out=2022-09-05&previous_page_section_name=1000&federated_search_id=ba08b3d6-a415-4ac6-aa13-991d74bacb74,9 beds,"$1,196 per night, originally $1,384",New
38,Apartment in Honolulu,https://www.airbnb.com/rooms/656373561506986263?check_in=2022-08-14&check_out=2022-09-05&previous_page_section_name=1000&federated_search_id=ba08b3d6-a415-4ac6-aa13-991d74bacb74,2 beds,$354 per night,New
39,Home in Kaneohe,https://www.airbnb.com/rooms/23049973?check_in=2022-08-14&check_out=2022-09-05&previous_page_section_name=1000&federated_search_id=ba08b3d6-a415-4ac6-aa13-991d74bacb74,7 beds,"$2,409 per night, originally $3,075",4.76 (34)
40,Apartment in Honolulu,https://www.airbnb.com/rooms/655712611111276165?check_in=2022-08-14&check_out=2022-09-05&previous_page_section_name=1000&federated_search_id=ba08b3d6-a415-4ac6-aa13-991d74bacb74,2 beds,$278 per night,New
41,Hotel room in Honolulu,https://www.airbnb.com/rooms/53701747?check_in=2022-08-14&check_out=2022-09-05&previous_page_section_name=1000&federated_search_id=2916d02f-288a-4271-8241-64411ea6f930,2 beds,$593 per night,New
42,Resort in Honolulu,https://www.airbnb.com/rooms/686952839418568674?check_in=2022-08-14&check_out=2022-09-05&previous_page_section_name=1000&federated_search_id=2916d02f-288a-4271-8241-64411ea6f930,1 king bed,$539 per night,New
43,Condo in Honolulu,https://www.airbnb.com/rooms/38670556?check_in=2022-08-14&check_out=2022-09-05&previous_page_section_name=1000&federated_search_id=2916d02f-288a-4271-8241-64411ea6f930,1 queen bed,"$240 per night, originally $277",4.67 (21)
44,Condo in Honolulu,https://www.airbnb.com/rooms/44358793?check_in=2022-08-14&check_out=2022-09-05&previous_page_section_name=1000&federated_search_id=2916d02f-288a-4271-8241-64411ea6f930,3 beds,"$239 per night, originally $262",New
45,Apartment in Honolulu,https://www.airbnb.com/rooms/655698542659597506?check_in=2022-08-14&check_out=2022-09-05&previous_page_section_name=1000&federated_search_id=2916d02f-288a-4271-8241-64411ea6f930,2 beds,$286 per night,New
46,Apartment in Honolulu,https://www.airbnb.com/rooms/563639984036993608?check_in=2022-08-14&check_out=2022-09-05&previous_page_section_name=1000&federated_search_id=2916d02f-288a-4271-8241-64411ea6f930,1 king bed,$282 per night,New
47,Apartment in Honolulu,https://www.airbnb.com/rooms/618988370724222403?check_in=2022-08-14&check_out=2022-09-05&previous_page_section_name=1000&federated_search_id=2916d02f-288a-4271-8241-64411ea6f930,2 beds,$391 per night,New
48,Condo in Honolulu,https://www.airbnb.com/rooms/30740304?check_in=2022-08-14&check_out=2022-09-05&previous_page_section_name=1000&federated_search_id=2916d02f-288a-4271-8241-64411ea6f930,2 beds,$342 per night,3.4 (5)
49,Home in Haleiwa,https://www.airbnb.com/rooms/15643814?check_in=2022-08-14&check_out=2022-09-05&previous_page_section_name=1000&federated_search_id=2916d02f-288a-4271-8241-64411ea6f930,5 beds,$670 per night,4.79 (43)
50,Private room in Waianae,https://www.airbnb.com/rooms/48000042?check_in=2022-08-14&check_out=2022-09-05&previous_page_section_name=1000&federated_search_id=2916d02f-288a-4271-8241-64411ea6f930,1 bed,$225 per night,4.5 (6)
51,Apartment in Honolulu,https://www.airbnb.com/rooms/659406111147457555?check_in=2022-08-14&check_out=2022-09-05&previous_page_section_name=1000&federated_search_id=2916d02f-288a-4271-8241-64411ea6f930,1 bed,$291 per night,New
52,Yurt in Honolulu,https://www.airbnb.com/rooms/40245151?check_in=2022-08-14&check_out=2022-09-05&previous_page_section_name=1000&federated_search_id=2916d02f-288a-4271-8241-64411ea6f930,3 beds,$172 per night,5.0 (10)
53,Home in Waianae,https://www.airbnb.com/rooms/49589802?check_in=2022-08-14&check_out=2022-09-05&previous_page_section_name=1000&federated_search_id=2916d02f-288a-4271-8241-64411ea6f930,5 beds,$677 per night,4.91 (11)
54,Apartment in Honolulu,https://www.airbnb.com/rooms/596281415767401561?check_in=2022-08-14&check_out=2022-09-05&previous_page_section_name=1000&federated_search_id=2916d02f-288a-4271-8241-64411ea6f930,2 beds,$352 per night,New
55,Condo in Honolulu,https://www.airbnb.com/rooms/53591135?check_in=2022-08-14&check_out=2022-09-05&previous_page_section_name=1000&federated_search_id=2916d02f-288a-4271-8241-64411ea6f930,2 beds,$350 per night,New
56,Private room in Honolulu,https://www.airbnb.com/rooms/36967870?check_in=2022-08-14&check_out=2022-09-05&previous_page_section_name=1000&federated_search_id=2916d02f-288a-4271-8241-64411ea6f930,1 double bed,$92 per night,4.75 (8)
57,Condo in Honolulu,https://www.airbnb.com/rooms/47440141?check_in=2022-08-14&check_out=2022-09-05&previous_page_section_name=1000&federated_search_id=2916d02f-288a-4271-8241-64411ea6f930,1 bed,$270 per night,New
58,Condo in Honolulu,https://www.airbnb.com/rooms/32884958?check_in=2022-08-14&check_out=2022-09-05&previous_page_section_name=1000&federated_search_id=2916d02f-288a-4271-8241-64411ea6f930,1 bed,$613 per night,New
59,Apartment in Honolulu,https://www.airbnb.com/rooms/675981966357783736?check_in=2022-08-14&check_out=2022-09-05&previous_page_section_name=1000&federated_search_id=2916d02f-288a-4271-8241-64411ea6f930,1 bed,$429 per night,New
60,Resort in Honolulu,https://www.airbnb.com/rooms/632346260646468485?check_in=2022-08-14&check_out=2022-09-05&previous_page_section_name=1000&federated_search_id=2916d02f-288a-4271-8241-64411ea6f930,2 beds,"$549 per night, originally $669",New
61,Apartment in Honolulu,https://www.airbnb.com/rooms/560832927057080473?check_in=2022-08-14&check_out=2022-09-05&previous_page_section_name=1000&federated_search_id=8fe47e19-d1a8-433f-a5d7-0c200050d246,2 beds,$263 per night,New
62,Apartment in Honolulu,https://www.airbnb.com/rooms/607924022831050540?check_in=2022-08-14&check_out=2022-09-05&previous_page_section_name=1000&federated_search_id=8fe47e19-d1a8-433f-a5d7-0c200050d246,2 beds,$378 per night,New
63,Villa in Waimanalo,https://www.airbnb.com/rooms/574990931753945642?check_in=2022-08-14&check_out=2022-09-05&previous_page_section_name=1000&federated_search_id=8fe47e19-d1a8-433f-a5d7-0c200050d246,8 beds,"$2,522 per night",New
64,Condo in Honolulu,https://www.airbnb.com/rooms/42586236?check_in=2022-08-14&check_out=2022-09-05&previous_page_section_name=1000&federated_search_id=8fe47e19-d1a8-433f-a5d7-0c200050d246,1 queen bed,"$240 per night, originally $277",New
65,Apartment in Honolulu,https://www.airbnb.com/rooms/655710501700878720?check_in=2022-08-14&check_out=2022-09-05&previous_page_section_name=1000&federated_search_id=8fe47e19-d1a8-433f-a5d7-0c200050d246,2 beds,$303 per night,New
66,Private room in Honolulu,https://www.airbnb.com/rooms/34622213?check_in=2022-08-14&check_out=2022-09-05&previous_page_section_name=1000&federated_search_id=8fe47e19-d1a8-433f-a5d7-0c200050d246,1 double bed,"$120 per night, originally $131",4.87 (15)
67,Private room in Honolulu,https://www.airbnb.com/rooms/34621319?check_in=2022-08-14&check_out=2022-09-05&previous_page_section_name=1000&federated_search_id=8fe47e19-d1a8-433f-a5d7-0c200050d246,2 beds,$110 per night,4.78 (9)
68,Condo in Honolulu,https://www.airbnb.com/rooms/40894028?check_in=2022-08-14&check_out=2022-09-05&previous_page_section_name=1000&federated_search_id=8fe47e19-d1a8-433f-a5d7-0c200050d246,2 beds,$399 per night,New
69,Condo in Honolulu,https://www.airbnb.com/rooms/17444202?check_in=2022-08-14&check_out=2022-09-05&previous_page_section_name=1000&federated_search_id=8fe47e19-d1a8-433f-a5d7-0c200050d246,4 beds,$584 per night,3.4 (7)
70,Home in Honolulu,https://www.airbnb.com/rooms/50018259?check_in=2022-08-14&check_out=2022-09-05&previous_page_section_name=1000&federated_search_id=8fe47e19-d1a8-433f-a5d7-0c200050d246,,"$4,007 per night",New
71,Condo in Honolulu,https://www.airbnb.com/rooms/52027585?check_in=2022-08-14&check_out=2022-09-05&previous_page_section_name=1000&federated_search_id=8fe47e19-d1a8-433f-a5d7-0c200050d246,2 beds,$384 per night,New
72,Resort in Honolulu,https://www.airbnb.com/rooms/48568589?check_in=2022-08-14&check_out=2022-09-05&previous_page_section_name=1000&federated_search_id=8fe47e19-d1a8-433f-a5d7-0c200050d246,2 double beds,$311 per night,New
73,Apartment in Kapolei,https://www.airbnb.com/rooms/684187656219238791?check_in=2022-08-14&check_out=2022-09-05&previous_page_section_name=1000&federated_search_id=8fe47e19-d1a8-433f-a5d7-0c200050d246,4 beds,"$950 per night, originally $1,176",New
74,Apartment in Honolulu,https://www.airbnb.com/rooms/675197328920471828?check_in=2022-08-14&check_out=2022-09-05&previous_page_section_name=1000&federated_search_id=8fe47e19-d1a8-433f-a5d7-0c200050d246,1 bed,$269 per night,New
75,Resort in Honolulu,https://www.airbnb.com/rooms/54007038?check_in=2022-08-14&check_out=2022-09-05&previous_page_section_name=1000&federated_search_id=8fe47e19-d1a8-433f-a5d7-0c200050d246,2 beds,$742 per night,New
76,Resort in Honolulu,https://www.airbnb.com/rooms/49712543?check_in=2022-08-14&check_out=2022-09-05&previous_page_section_name=1000&federated_search_id=8fe47e19-d1a8-433f-a5d7-0c200050d246,1 king bed,$656 per night,New
77,Home in Honolulu,https://www.airbnb.com/rooms/22370885?check_in=2022-08-14&check_out=2022-09-05&previous_page_section_name=1000&federated_search_id=8fe47e19-d1a8-433f-a5d7-0c200050d246,17 beds,"$1,202 per night",4.67 (6)
78,Apartment in Honolulu,https://www.airbnb.com/rooms/675976399090659298?check_in=2022-08-14&check_out=2022-09-05&previous_page_section_name=1000&federated_search_id=8fe47e19-d1a8-433f-a5d7-0c200050d246,1 bed,$388 per night,New
79,Home in Waianae,https://www.airbnb.com/rooms/32215944?check_in=2022-08-14&check_out=2022-09-05&previous_page_section_name=1000&federated_search_id=8fe47e19-d1a8-433f-a5d7-0c200050d246,3 queen beds,$684 per night,4.81 (30)
80,Apartment in Honolulu,https://www.airbnb.com/rooms/658563901634245454?check_in=2022-08-14&check_out=2022-09-05&previous_page_section_name=1000&federated_search_id=8fe47e19-d1a8-433f-a5d7-0c200050d246,1 bed,$263 per night,New
81,Apartment in Honolulu,https://www.airbnb.com/rooms/666152865061721692?check_in=2022-08-14&check_out=2022-09-05&previous_page_section_name=1000&federated_search_id=ddaaa800-520c-484c-b284-6d6cb12bcfb9,1 bed,$286 per night,New
82,Home in Haleiwa,https://www.airbnb.com/rooms/39976218?check_in=2022-08-14&check_out=2022-09-05&previous_page_section_name=1000&federated_search_id=ddaaa800-520c-484c-b284-6d6cb12bcfb9,5 beds,$753 per night,4.8 (5)
83,Apartment in Honolulu,https://www.airbnb.com/rooms/607913161345715148?check_in=2022-08-14&check_out=2022-09-05&previous_page_section_name=1000&federated_search_id=ddaaa800-520c-484c-b284-6d6cb12bcfb9,3 beds,$577 per night,New
84,Apartment in Kapolei,https://www.airbnb.com/rooms/681189493735531202?check_in=2022-08-14&check_out=2022-09-05&previous_page_section_name=1000&federated_search_id=ddaaa800-520c-484c-b284-6d6cb12bcfb9,4 beds,"$1,050 per night, originally $1,209",New
85,Home in Haleiwa,https://www.airbnb.com/rooms/43364454?check_in=2022-08-14&check_out=2022-09-05&previous_page_section_name=1000&federated_search_id=ddaaa800-520c-484c-b284-6d6cb12bcfb9,4 beds,$689 per night,New
86,Hotel room in Honolulu,https://www.airbnb.com/rooms/32884933?check_in=2022-08-14&check_out=2022-09-05&previous_page_section_name=1000&federated_search_id=ddaaa800-520c-484c-b284-6d6cb12bcfb9,1 bed,$436 per night,New
87,Home in Honolulu,https://www.airbnb.com/rooms/615355497316812169?check_in=2022-08-14&check_out=2022-09-05&previous_page_section_name=1000&federated_search_id=ddaaa800-520c-484c-b284-6d6cb12bcfb9,10 beds,"$3,431 per night",New
88,Resort in Honolulu,https://www.airbnb.com/rooms/39900491?check_in=2022-08-14&check_out=2022-09-05&previous_page_section_name=1000&federated_search_id=ddaaa800-520c-484c-b284-6d6cb12bcfb9,1 bed,$285 per night,New
89,Home in Haleiwa,https://www.airbnb.com/rooms/18713955?check_in=2022-08-14&check_out=2022-09-05&previous_page_section_name=1000&federated_search_id=ddaaa800-520c-484c-b284-6d6cb12bcfb9,5 beds,$799 per night,4.86 (21)
90,Condo in Honolulu,https://www.airbnb.com/rooms/53322076?check_in=2022-08-14&check_out=2022-09-05&previous_page_section_name=1000&federated_search_id=ddaaa800-520c-484c-b284-6d6cb12bcfb9,1 king bed,$343 per night,New
91,Apartment in Honolulu,https://www.airbnb.com/rooms/676038006831164997?check_in=2022-08-14&check_out=2022-09-05&previous_page_section_name=1000&federated_search_id=ddaaa800-520c-484c-b284-6d6cb12bcfb9,3 beds,$582 per night,New
92,Condo in Honolulu,https://www.airbnb.com/rooms/54066639?check_in=2022-08-14&check_out=2022-09-05&previous_page_section_name=1000&federated_search_id=ddaaa800-520c-484c-b284-6d6cb12bcfb9,2 beds,$445 per night,New
93,Home in Honolulu,https://www.airbnb.com/rooms/17712082?check_in=2022-08-14&check_out=2022-09-05&previous_page_section_name=1000&federated_search_id=ddaaa800-520c-484c-b284-6d6cb12bcfb9,5 beds,"$2,458 per night",New
94,Condo in Honolulu,https://www.airbnb.com/rooms/4898203?check_in=2022-08-14&check_out=2022-09-05&previous_page_section_name=1000&federated_search_id=ddaaa800-520c-484c-b284-6d6cb12bcfb9,2 beds,$340 per night,4.9 (10)
95,Condo in Honolulu,https://www.airbnb.com/rooms/37326893?check_in=2022-08-14&check_out=2022-09-05&previous_page_section_name=1000&federated_search_id=ddaaa800-520c-484c-b284-6d6cb12bcfb9,5 beds,"$4,021 per night",New
96,Condo in Honolulu,https://www.airbnb.com/rooms/37494722?check_in=2022-08-14&check_out=2022-09-05&previous_page_section_name=1000&federated_search_id=ddaaa800-520c-484c-b284-6d6cb12bcfb9,2 beds,$341 per night,3.5 (4)
97,Condo in Honolulu,https://www.airbnb.com/rooms/54020269?check_in=2022-08-14&check_out=2022-09-05&previous_page_section_name=1000&federated_search_id=ddaaa800-520c-484c-b284-6d6cb12bcfb9,2 beds,$349 per night,New
98,Apartment in Kapolei,https://www.airbnb.com/rooms/684800019772881394?check_in=2022-08-14&check_out=2022-09-05&previous_page_section_name=1000&federated_search_id=ddaaa800-520c-484c-b284-6d6cb12bcfb9,2 beds,"$808 per night, originally $949",New
99,Apartment in Honolulu,https://www.airbnb.com/rooms/9497844?check_in=2022-08-14&check_out=2022-09-05&previous_page_section_name=1000&federated_search_id=ddaaa800-520c-484c-b284-6d6cb12bcfb9,2 single beds,$510 per night,4.81 (77)
100,Condo in Honolulu,https://www.airbnb.com/rooms/54020460?check_in=2022-08-14&check_out=2022-09-05&previous_page_section_name=1000&federated_search_id=ddaaa800-520c-484c-b284-6d6cb12bcfb9,1 bed,$342 per night,New
101,Apartment in Honolulu,https://www.airbnb.com/rooms/675194847160993533?check_in=2022-08-14&check_out=2022-09-05&previous_page_section_name=1000&federated_search_id=d341d4c1-2532-4e32-9dff-8c6677d918fa,1 bed,$285 per night,New
102,Home in Honolulu,https://www.airbnb.com/rooms/54037165?check_in=2022-08-14&check_out=2022-09-05&previous_page_section_name=1000&federated_search_id=d341d4c1-2532-4e32-9dff-8c6677d918fa,5 beds,"$2,404 per night",New
103,Resort in Honolulu,https://www.airbnb.com/rooms/649963631022450923?check_in=2022-08-14&check_out=2022-09-05&previous_page_section_name=1000&federated_search_id=d341d4c1-2532-4e32-9dff-8c6677d918fa,1 king bed,$656 per night,New
104,Apartment in Honolulu,https://www.airbnb.com/rooms/675980265444272037?check_in=2022-08-14&check_out=2022-09-05&previous_page_section_name=1000&federated_search_id=d341d4c1-2532-4e32-9dff-8c6677d918fa,1 bed,$400 per night,New
105,Resort in Honolulu,https://www.airbnb.com/rooms/42543841?check_in=2022-08-14&check_out=2022-09-05&previous_page_section_name=1000&federated_search_id=d341d4c1-2532-4e32-9dff-8c6677d918fa,1 bed,$782 per night,New
106,Camper/RV in Laie,https://www.airbnb.com/rooms/39370436?check_in=2022-08-14&check_out=2022-09-05&previous_page_section_name=1000&federated_search_id=d341d4c1-2532-4e32-9dff-8c6677d918fa,1 bed,$172 per night,3.75 (4)
107,Private room in Haleiwa,https://www.airbnb.com/rooms/21532200?check_in=2022-08-14&check_out=2022-09-05&previous_page_section_name=1000&federated_search_id=d341d4c1-2532-4e32-9dff-8c6677d918fa,1 bed,"$275 per night, originally $335",4.69 (13)
108,Home in Honolulu,https://www.airbnb.com/rooms/54384972?check_in=2022-08-14&check_out=2022-09-05&previous_page_section_name=1000&federated_search_id=d341d4c1-2532-4e32-9dff-8c6677d918fa,4 king beds,"$10,499 per night",New
109,Camper/RV in Haleiwa,https://www.airbnb.com/rooms/49016337?check_in=2022-08-14&check_out=2022-09-05&previous_page_section_name=1000&federated_search_id=d341d4c1-2532-4e32-9dff-8c6677d918fa,2 double beds,$182 per night,4.67 (12)
110,Apartment in Honolulu,https://www.airbnb.com/rooms/607908668815425290?check_in=2022-08-14&check_out=2022-09-05&previous_page_section_name=1000&federated_search_id=d341d4c1-2532-4e32-9dff-8c6677d918fa,2 beds,$378 per night,New
111,Apartment in Honolulu,https://www.airbnb.com/rooms/642875012010724699?check_in=2022-08-14&check_out=2022-09-05&previous_page_section_name=1000&federated_search_id=d341d4c1-2532-4e32-9dff-8c6677d918fa,2 beds,$319 per night,New
112,Condo in Honolulu,https://www.airbnb.com/rooms/1346576?check_in=2022-08-14&check_out=2022-09-05&previous_page_section_name=1000&federated_search_id=d341d4c1-2532-4e32-9dff-8c6677d918fa,2 beds,$456 per night,4.4 (22)
113,Home in Honolulu,https://www.airbnb.com/rooms/564604872994964135?check_in=2022-08-14&check_out=2022-09-05&previous_page_section_name=1000&federated_search_id=d341d4c1-2532-4e32-9dff-8c6677d918fa,4 beds,"$2,731 per night",New
114,Apartment in Honolulu,https://www.airbnb.com/rooms/675199983225159313?check_in=2022-08-14&check_out=2022-09-05&previous_page_section_name=1000&federated_search_id=d341d4c1-2532-4e32-9dff-8c6677d918fa,1 bed,$292 per night,New
115,Hotel room in Honolulu,https://www.airbnb.com/rooms/54018658?check_in=2022-08-14&check_out=2022-09-05&previous_page_section_name=1000&federated_search_id=d341d4c1-2532-4e32-9dff-8c6677d918fa,2 beds,$575 per night,New
116,Condo in Honolulu,https://www.airbnb.com/rooms/4933298?check_in=2022-08-14&check_out=2022-09-05&previous_page_section_name=1000&federated_search_id=d341d4c1-2532-4e32-9dff-8c6677d918fa,2 beds,$331 per night,5.0 (9)
117,Resort in Honolulu,https://www.airbnb.com/rooms/53981630?check_in=2022-08-14&check_out=2022-09-05&previous_page_section_name=1000&federated_search_id=d341d4c1-2532-4e32-9dff-8c6677d918fa,2 beds,$831 per night,New
118,Camper/RV in Laie,https://www.airbnb.com/rooms/53121527?check_in=2022-08-14&check_out=2022-09-05&previous_page_section_name=1000&federated_search_id=d341d4c1-2532-4e32-9dff-8c6677d918fa,2 beds,$189 per night,New
119,Home in Waianae,https://www.airbnb.com/rooms/49234591?check_in=2022-08-14&check_out=2022-09-05&previous_page_section_name=1000&federated_search_id=d341d4c1-2532-4e32-9dff-8c6677d918fa,6 beds,$564 per night,New
120,Apartment in Honolulu,https://www.airbnb.com/rooms/656368710049916184?check_in=2022-08-14&check_out=2022-09-05&previous_page_section_name=1000&federated_search_id=d341d4c1-2532-4e32-9dff-8c6677d918fa,2 beds,$366 per night,New
121,Home in Haleiwa,https://www.airbnb.com/rooms/54128802?check_in=2022-08-14&check_out=2022-09-05&previous_page_section_name=1000&federated_search_id=41d5f098-ce64-4dbc-b399-75094de87178,7 beds,"$1,192 per night",New
122,Chalet in Honolulu,https://www.airbnb.com/rooms/16441239?check_in=2022-08-14&check_out=2022-09-05&previous_page_section_name=1000&federated_search_id=41d5f098-ce64-4dbc-b399-75094de87178,2 beds,$541 per night,3.75 (4)
123,Resort in Honolulu,https://www.airbnb.com/rooms/609762221065495126?check_in=2022-08-14&check_out=2022-09-05&previous_page_section_name=1000&federated_search_id=41d5f098-ce64-4dbc-b399-75094de87178,4 beds,"$1,364 per night",New
124,Condo in Honolulu,https://www.airbnb.com/rooms/53328513?check_in=2022-08-14&check_out=2022-09-05&previous_page_section_name=1000&federated_search_id=41d5f098-ce64-4dbc-b399-75094de87178,2 beds,$459 per night,New
125,Hotel room in Honolulu,https://www.airbnb.com/rooms/685633837088619566?check_in=2022-08-14&check_out=2022-09-05&previous_page_section_name=1000&federated_search_id=41d5f098-ce64-4dbc-b399-75094de87178,1 bed,"$544 per night, originally $663",New
126,Hotel room in Honolulu,https://www.airbnb.com/rooms/51813502?check_in=2022-08-14&check_out=2022-09-05&previous_page_section_name=1000&federated_search_id=41d5f098-ce64-4dbc-b399-75094de87178,1 bed,$802 per night,New
127,Home in Honolulu,https://www.airbnb.com/rooms/16215566?check_in=2022-08-14&check_out=2022-09-05&previous_page_section_name=1000&federated_search_id=41d5f098-ce64-4dbc-b399-75094de87178,7 beds,"$2,239 per night",New
128,Hotel room in Honolulu,https://www.airbnb.com/rooms/53170292?check_in=2022-08-14&check_out=2022-09-05&previous_page_section_name=1000&federated_search_id=41d5f098-ce64-4dbc-b399-75094de87178,1 king bed,"$1,130 per night",New
129,Resort in Honolulu,https://www.airbnb.com/rooms/54329182?check_in=2022-08-14&check_out=2022-09-05&previous_page_section_name=1000&federated_search_id=41d5f098-ce64-4dbc-b399-75094de87178,1 king bed,$642 per night,New
130,Hotel room in Honolulu,https://www.airbnb.com/rooms/53233388?check_in=2022-08-14&check_out=2022-09-05&previous_page_section_name=1000&federated_search_id=41d5f098-ce64-4dbc-b399-75094de87178,1 king bed,$919 per night,New
131,Condo in Honolulu,https://www.airbnb.com/rooms/30733041?check_in=2022-08-14&check_out=2022-09-05&previous_page_section_name=1000&federated_search_id=41d5f098-ce64-4dbc-b399-75094de87178,4 beds,$660 per night,3.55 (12)
132,Apartment in Honolulu,https://www.airbnb.com/rooms/652856976216375721?check_in=2022-08-14&check_out=2022-09-05&previous_page_section_name=1000&federated_search_id=41d5f098-ce64-4dbc-b399-75094de87178,2 beds,$771 per night,New
133,Home in Honolulu,https://www.airbnb.com/rooms/50356233?check_in=2022-08-14&check_out=2022-09-05&previous_page_section_name=1000&federated_search_id=41d5f098-ce64-4dbc-b399-75094de87178,7 beds,"$1,925 per night",New
134,Home in Haleiwa,https://www.airbnb.com/rooms/53831465?check_in=2022-08-14&check_out=2022-09-05&previous_page_section_name=1000&federated_search_id=41d5f098-ce64-4dbc-b399-75094de87178,3 beds,"$3,125 per night",New
135,Condo in Honolulu,https://www.airbnb.com/rooms/54092734?check_in=2022-08-14&check_out=2022-09-05&previous_page_section_name=1000&federated_search_id=41d5f098-ce64-4dbc-b399-75094de87178,3 beds,$691 per night,New
136,Apartment in Honolulu,https://www.airbnb.com/rooms/675981006192530970?check_in=2022-08-14&check_out=2022-09-05&previous_page_section_name=1000&federated_search_id=41d5f098-ce64-4dbc-b399-75094de87178,1 bed,$417 per night,New
137,Hotel room in Honolulu,https://www.airbnb.com/rooms/53702394?check_in=2022-08-14&check_out=2022-09-05&previous_page_section_name=1000&federated_search_id=41d5f098-ce64-4dbc-b399-75094de87178,2 beds,$650 per night,New
138,Home in Honolulu,https://www.airbnb.com/rooms/54384993?check_in=2022-08-14&check_out=2022-09-05&previous_page_section_name=1000&federated_search_id=41d5f098-ce64-4dbc-b399-75094de87178,4 king beds,"$11,072 per night",New
139,Home in Haleiwa,https://www.airbnb.com/rooms/54037346?check_in=2022-08-14&check_out=2022-09-05&previous_page_section_name=1000&federated_search_id=41d5f098-ce64-4dbc-b399-75094de87178,6 beds,"$1,036 per night",New
140,Resort in Honolulu,https://www.airbnb.com/rooms/46707446?check_in=2022-08-14&check_out=2022-09-05&previous_page_section_name=1000&federated_search_id=41d5f098-ce64-4dbc-b399-75094de87178,4 beds,"$2,619 per night",New
141,Apartment in Honolulu,https://www.airbnb.com/rooms/675981006192530970?check_in=2022-08-14&check_out=2022-09-05&previous_page_section_name=1000&federated_search_id=3919ff79-65f7-4b02-bf32-f6be641f602d,1 bed,$417 per night,New
142,Hotel room in Honolulu,https://www.airbnb.com/rooms/53702062?check_in=2022-08-14&check_out=2022-09-05&previous_page_section_name=1000&federated_search_id=3919ff79-65f7-4b02-bf32-f6be641f602d,1 bed,$616 per night,New
143,Resort in Honolulu,https://www.airbnb.com/rooms/27503235?check_in=2022-08-14&check_out=2022-09-05&previous_page_section_name=1000&federated_search_id=3919ff79-65f7-4b02-bf32-f6be641f602d,2 beds,$571 per night,New
144,Resort in Honolulu,https://www.airbnb.com/rooms/49552505?check_in=2022-08-14&check_out=2022-09-05&previous_page_section_name=1000&federated_search_id=3919ff79-65f7-4b02-bf32-f6be641f602d,2 double beds,$738 per night,New
145,Hotel room in Honolulu,https://www.airbnb.com/rooms/53172515?check_in=2022-08-14&check_out=2022-09-05&previous_page_section_name=1000&federated_search_id=3919ff79-65f7-4b02-bf32-f6be641f602d,,"$1,182 per night",New
146,Home in Waianae,https://www.airbnb.com/rooms/49234591?check_in=2022-08-14&check_out=2022-09-05&previous_page_section_name=1000&federated_search_id=3919ff79-65f7-4b02-bf32-f6be641f602d,6 beds,$564 per night,New
147,Apartment in Honolulu,https://www.airbnb.com/rooms/635362017774664628?check_in=2022-08-14&check_out=2022-09-05&previous_page_section_name=1000&federated_search_id=3919ff79-65f7-4b02-bf32-f6be641f602d,1 bed,$402 per night,New
148,Home in Honolulu,https://www.airbnb.com/rooms/615355497316812169?check_in=2022-08-14&check_out=2022-09-05&previous_page_section_name=1000&federated_search_id=3919ff79-65f7-4b02-bf32-f6be641f602d,10 beds,"$3,431 per night",New
149,Resort in Honolulu,https://www.airbnb.com/rooms/609762221065495126?check_in=2022-08-14&check_out=2022-09-05&previous_page_section_name=1000&federated_search_id=3919ff79-65f7-4b02-bf32-f6be641f602d,4 beds,"$1,364 per night",New
150,Hotel room in Honolulu,https://www.airbnb.com/rooms/53170941?check_in=2022-08-14&check_out=2022-09-05&previous_page_section_name=1000&federated_search_id=3919ff79-65f7-4b02-bf32-f6be641f602d,1 queen bed,"$1,792 per night",New
151,Resort in Honolulu,https://www.airbnb.com/rooms/46549364?check_in=2022-08-14&check_out=2022-09-05&previous_page_section_name=1000&federated_search_id=3919ff79-65f7-4b02-bf32-f6be641f602d,1 king bed,$656 per night,New
152,Resort in Honolulu,https://www.airbnb.com/rooms/551426227140654142?check_in=2022-08-14&check_out=2022-09-05&previous_page_section_name=1000&federated_search_id=3919ff79-65f7-4b02-bf32-f6be641f602d,2 beds,"$1,370 per night",New
153,Condo in Honolulu,https://www.airbnb.com/rooms/40803517?check_in=2022-08-14&check_out=2022-09-05&previous_page_section_name=1000&federated_search_id=3919ff79-65f7-4b02-bf32-f6be641f602d,2 beds,$394 per night,New
154,Private room in Haleiwa,https://www.airbnb.com/rooms/21532200?check_in=2022-08-14&check_out=2022-09-05&previous_page_section_name=1000&federated_search_id=3919ff79-65f7-4b02-bf32-f6be641f602d,1 bed,"$275 per night, originally $335",4.69 (13)
155,Hotel room in Honolulu,https://www.airbnb.com/rooms/53265066?check_in=2022-08-14&check_out=2022-09-05&previous_page_section_name=1000&federated_search_id=3919ff79-65f7-4b02-bf32-f6be641f602d,2 beds,"$10,167 per night",New
156,Condo in Honolulu,https://www.airbnb.com/rooms/30733041?check_in=2022-08-14&check_out=2022-09-05&previous_page_section_name=1000&federated_search_id=3919ff79-65f7-4b02-bf32-f6be641f602d,4 beds,$660 per night,3.55 (12)
157,Hotel room in Honolulu,https://www.airbnb.com/rooms/663011543748320272?check_in=2022-08-14&check_out=2022-09-05&previous_page_section_name=1000&federated_search_id=3919ff79-65f7-4b02-bf32-f6be641f602d,3 beds,"$1,091 per night",New
158,Condo in Honolulu,https://www.airbnb.com/rooms/40965621?check_in=2022-08-14&check_out=2022-09-05&previous_page_section_name=1000&federated_search_id=3919ff79-65f7-4b02-bf32-f6be641f602d,4 beds,$736 per night,New
159,Resort in Honolulu,https://www.airbnb.com/rooms/49712639?check_in=2022-08-14&check_out=2022-09-05&previous_page_section_name=1000&federated_search_id=3919ff79-65f7-4b02-bf32-f6be641f602d,1 king bed,$656 per night,New
160,Hotel room in Honolulu,https://www.airbnb.com/rooms/53701961?check_in=2022-08-14&check_out=2022-09-05&previous_page_section_name=1000&federated_search_id=3919ff79-65f7-4b02-bf32-f6be641f602d,2 beds,$596 per night,New
161,Hotel room in Honolulu,https://www.airbnb.com/rooms/53265066?check_in=2022-08-14&check_out=2022-09-05&previous_page_section_name=1000&federated_search_id=b794e9ce-b220-4405-9a77-7b8c93a8ec88,2 beds,"$10,167 per night",New
162,Hotel room in Honolulu,https://www.airbnb.com/rooms/666706503061708903?check_in=2022-08-14&check_out=2022-09-05&previous_page_section_name=1000&federated_search_id=b794e9ce-b220-4405-9a77-7b8c93a8ec88,2 beds,$979 per night,New
163,Hotel room in Honolulu,https://www.airbnb.com/rooms/53701961?check_in=2022-08-14&check_out=2022-09-05&previous_page_section_name=1000&federated_search_id=b794e9ce-b220-4405-9a77-7b8c93a8ec88,2 beds,$596 per night,New
164,Condo in Honolulu,https://www.airbnb.com/rooms/53257069?check_in=2022-08-14&check_out=2022-09-05&previous_page_section_name=1000&federated_search_id=b794e9ce-b220-4405-9a77-7b8c93a8ec88,2 beds,$459 per night,New
165,Apartment in Honolulu,https://www.airbnb.com/rooms/607927911720868498?check_in=2022-08-14&check_out=2022-09-05&previous_page_section_name=1000&federated_search_id=b794e9ce-b220-4405-9a77-7b8c93a8ec88,3 beds,$577 per night,New
166,Condo in Honolulu,https://www.airbnb.com/rooms/15493119?check_in=2022-08-14&check_out=2022-09-05&previous_page_section_name=1000&federated_search_id=b794e9ce-b220-4405-9a77-7b8c93a8ec88,4 beds,"$1,027 per night",5.0 (5)
167,Villa in Honolulu,https://www.airbnb.com/luxury/listing/37831235?check_in=2022-08-14&check_out=2022-09-05&previous_page_section_name=1000&federated_search_id=b794e9ce-b220-4405-9a77-7b8c93a8ec88,2 king beds,"$9,100 per night",New
168,Hotel room in Honolulu,https://www.airbnb.com/rooms/53890181?check_in=2022-08-14&check_out=2022-09-05&previous_page_section_name=1000&federated_search_id=b794e9ce-b220-4405-9a77-7b8c93a8ec88,2 beds,$990 per night,New
169,Condo in Honolulu,https://www.airbnb.com/rooms/40965621?check_in=2022-08-14&check_out=2022-09-05&previous_page_section_name=1000&federated_search_id=b794e9ce-b220-4405-9a77-7b8c93a8ec88,4 beds,$736 per night,New
170,Condo in Honolulu,https://www.airbnb.com/rooms/53697137?check_in=2022-08-14&check_out=2022-09-05&previous_page_section_name=1000&federated_search_id=b794e9ce-b220-4405-9a77-7b8c93a8ec88,1 king bed,$459 per night,New
171,Resort in Honolulu,https://www.airbnb.com/rooms/42543983?check_in=2022-08-14&check_out=2022-09-05&previous_page_section_name=1000&federated_search_id=b794e9ce-b220-4405-9a77-7b8c93a8ec88,2 beds,"$3,366 per night",New
172,Home in Honolulu,https://www.airbnb.com/rooms/2811961?check_in=2022-08-14&check_out=2022-09-05&previous_page_section_name=1000&federated_search_id=b794e9ce-b220-4405-9a77-7b8c93a8ec88,9 beds,"$8,400 per night",New
173,Home in Waianae,https://www.airbnb.com/rooms/548544998112512099?check_in=2022-08-14&check_out=2022-09-05&previous_page_section_name=1000&federated_search_id=b794e9ce-b220-4405-9a77-7b8c93a8ec88,7 beds,$684 per night,New
174,Condo in Honolulu,https://www.airbnb.com/rooms/53965120?check_in=2022-08-14&check_out=2022-09-05&previous_page_section_name=1000&federated_search_id=b794e9ce-b220-4405-9a77-7b8c93a8ec88,2 beds,$459 per night,New
175,Resort in Honolulu,https://www.airbnb.com/rooms/27503235?check_in=2022-08-14&check_out=2022-09-05&previous_page_section_name=1000&federated_search_id=b794e9ce-b220-4405-9a77-7b8c93a8ec88,2 beds,$571 per night,New
176,Hotel room in Honolulu,https://www.airbnb.com/rooms/53314776?check_in=2022-08-14&check_out=2022-09-05&previous_page_section_name=1000&federated_search_id=b794e9ce-b220-4405-9a77-7b8c93a8ec88,4 beds,"$10,170 per night",New
177,Hotel room in Honolulu,https://www.airbnb.com/rooms/53615968?check_in=2022-08-14&check_out=2022-09-05&previous_page_section_name=1000&federated_search_id=b794e9ce-b220-4405-9a77-7b8c93a8ec88,3 beds,"$1,186 per night",New
178,Home in Honolulu,https://www.airbnb.com/rooms/54196167?check_in=2022-08-14&check_out=2022-09-05&previous_page_section_name=1000&federated_search_id=b794e9ce-b220-4405-9a77-7b8c93a8ec88,6 beds,"$9,651 per night",New
179,Apartment in Honolulu,https://www.airbnb.com/rooms/635362017774664628?check_in=2022-08-14&check_out=2022-09-05&previous_page_section_name=1000&federated_search_id=b794e9ce-b220-4405-9a77-7b8c93a8ec88,1 bed,$402 per night,New
180,Resort in Honolulu,https://www.airbnb.com/rooms/47338760?check_in=2022-08-14&check_out=2022-09-05&previous_page_section_name=1000&federated_search_id=b794e9ce-b220-4405-9a77-7b8c93a8ec88,2 beds,$738 per night,New
181,Condo in Waikiki,https://www.airbnb.com/rooms/53933962?check_in=2022-08-14&check_out=2022-09-05&previous_page_section_name=1000&federated_search_id=71eeb5ef-0744-4c07-89e9-8e272b226803,2 beds,$459 per night,New
182,Hotel room in Waikiki,https://www.airbnb.com/rooms/53170680?check_in=2022-08-14&check_out=2022-09-05&previous_page_section_name=1000&federated_search_id=71eeb5ef-0744-4c07-89e9-8e272b226803,2 beds,$981 per night,New
183,Condo in Waikiki,https://www.airbnb.com/rooms/53934134?check_in=2022-08-14&check_out=2022-09-05&previous_page_section_name=1000&federated_search_id=71eeb5ef-0744-4c07-89e9-8e272b226803,3 beds,$628 per night,New
184,Hotel room in Kahala-Waialae,https://www.airbnb.com/rooms/53315150?check_in=2022-08-14&check_out=2022-09-05&previous_page_section_name=1000&federated_search_id=71eeb5ef-0744-4c07-89e9-8e272b226803,2 beds,"$9,040 per night",New
185,Apartment in Waikiki,https://www.airbnb.com/rooms/41897311?check_in=2022-08-14&check_out=2022-09-05&previous_page_section_name=1000&federated_search_id=71eeb5ef-0744-4c07-89e9-8e272b226803,2 beds,$571 per night,New
186,Apartment in Waikiki,https://www.airbnb.com/rooms/628093631105565556?check_in=2022-08-14&check_out=2022-09-05&previous_page_section_name=1000&federated_search_id=71eeb5ef-0744-4c07-89e9-8e272b226803,3 beds,$740 per night,New
187,Resort in Waikiki,https://www.airbnb.com/rooms/42544751?check_in=2022-08-14&check_out=2022-09-05&previous_page_section_name=1000&federated_search_id=71eeb5ef-0744-4c07-89e9-8e272b226803,4 beds,"$1,478 per night",New
188,Private room in Ala Moana,https://www.airbnb.com/rooms/39946323?check_in=2022-08-14&check_out=2022-09-05&previous_page_section_name=1000&federated_search_id=71eeb5ef-0744-4c07-89e9-8e272b226803,2 queen beds,$175 per night,5.0 (4)
189,Apartment in Waikiki,https://www.airbnb.com/rooms/639279757439019972?check_in=2022-08-14&check_out=2022-09-05&previous_page_section_name=1000&federated_search_id=71eeb5ef-0744-4c07-89e9-8e272b226803,3 beds,$743 per night,New
190,Resort in Waikiki,https://www.airbnb.com/rooms/50681547?check_in=2022-08-14&check_out=2022-09-05&previous_page_section_name=1000&federated_search_id=71eeb5ef-0744-4c07-89e9-8e272b226803,3 beds,"$1,135 per night",New
191,Resort in Waikiki,https://www.airbnb.com/rooms/609692138842591563?check_in=2022-08-14&check_out=2022-09-05&previous_page_section_name=1000&federated_search_id=71eeb5ef-0744-4c07-89e9-8e272b226803,4 beds,"$1,592 per night",New
192,Resort in Waikiki,https://www.airbnb.com/rooms/42561933?check_in=2022-08-14&check_out=2022-09-05&previous_page_section_name=1000&federated_search_id=71eeb5ef-0744-4c07-89e9-8e272b226803,5 beds,"$1,706 per night",New
193,Hotel room in Honolulu,https://www.airbnb.com/rooms/685613269358175382?check_in=2022-08-14&check_out=2022-09-05&previous_page_section_name=1000&federated_search_id=71eeb5ef-0744-4c07-89e9-8e272b226803,1 bed,"$526 per night, originally $641",New
194,Hotel room in Waikiki,https://www.airbnb.com/rooms/666696022786065743?check_in=2022-08-14&check_out=2022-09-05&previous_page_section_name=1000&federated_search_id=71eeb5ef-0744-4c07-89e9-8e272b226803,2 beds,$756 per night,New
195,Condo in Waikiki,https://www.airbnb.com/rooms/515044886720126057?check_in=2022-08-14&check_out=2022-09-05&previous_page_section_name=1000&federated_search_id=71eeb5ef-0744-4c07-89e9-8e272b226803,3 beds,"$1,027 per night",New
196,Resort in Waikiki,https://www.airbnb.com/rooms/49552505?check_in=2022-08-14&check_out=2022-09-05&previous_page_section_name=1000&federated_search_id=71eeb5ef-0744-4c07-89e9-8e272b226803,2 double beds,$738 per night,New
197,Apartment in Waikiki,https://www.airbnb.com/rooms/35099577?check_in=2022-08-14&check_out=2022-09-05&previous_page_section_name=1000&federated_search_id=71eeb5ef-0744-4c07-89e9-8e272b226803,5 beds,"$1,825 per night",New
198,Hotel room in Waikiki,https://www.airbnb.com/rooms/663011543748320272?check_in=2022-08-14&check_out=2022-09-05&previous_page_section_name=1000&federated_search_id=71eeb5ef-0744-4c07-89e9-8e272b226803,3 beds,"$1,091 per night",New
199,Hotel room in Waikiki,https://www.airbnb.com/rooms/54007148?check_in=2022-08-14&check_out=2022-09-05&previous_page_section_name=1000&federated_search_id=71eeb5ef-0744-4c07-89e9-8e272b226803,2 beds,$970 per night,New
200,Hotel room in Waikiki,https://www.airbnb.com/rooms/53385741?check_in=2022-08-14&check_out=2022-09-05&previous_page_section_name=1000&federated_search_id=71eeb5ef-0744-4c07-89e9-8e272b226803,3 beds,"$1,151 per night",New
201,Hotel room in Honolulu,https://www.airbnb.com/rooms/51557159?check_in=2022-08-14&check_out=2022-09-05&previous_page_section_name=1000&federated_search_id=7b49b015-4907-4e9c-8908-9e6b1e021847,2 beds,"$3,492 per night",New
202,Hotel room in Honolulu,https://www.airbnb.com/rooms/51520597?check_in=2022-08-14&check_out=2022-09-05&previous_page_section_name=1000&federated_search_id=7b49b015-4907-4e9c-8908-9e6b1e021847,2 beds,$758 per night,New
203,Home in Honolulu,https://www.airbnb.com/rooms/31587563?check_in=2022-08-14&check_out=2022-09-05&previous_page_section_name=1000&federated_search_id=7b49b015-4907-4e9c-8908-9e6b1e021847,4 king beds,"$4,343 per night",New
204,Hotel room in Honolulu,https://www.airbnb.com/rooms/53243244?check_in=2022-08-14&check_out=2022-09-05&previous_page_section_name=1000&federated_search_id=7b49b015-4907-4e9c-8908-9e6b1e021847,2 king beds,"$10,201 per night",New
205,Hotel room in Honolulu,https://www.airbnb.com/rooms/54007121?check_in=2022-08-14&check_out=2022-09-05&previous_page_section_name=1000&federated_search_id=7b49b015-4907-4e9c-8908-9e6b1e021847,1 bed,$514 per night,New
206,Hotel room in Honolulu,https://www.airbnb.com/rooms/54007148?check_in=2022-08-14&check_out=2022-09-05&previous_page_section_name=1000&federated_search_id=7b49b015-4907-4e9c-8908-9e6b1e021847,2 beds,$970 per night,New
207,Resort in Honolulu,https://www.airbnb.com/rooms/42544751?check_in=2022-08-14&check_out=2022-09-05&previous_page_section_name=1000&federated_search_id=7b49b015-4907-4e9c-8908-9e6b1e021847,4 beds,"$1,478 per night",New
208,Home in Honolulu,https://www.airbnb.com/rooms/54196167?check_in=2022-08-14&check_out=2022-09-05&previous_page_section_name=1000&federated_search_id=7b49b015-4907-4e9c-8908-9e6b1e021847,6 beds,"$9,651 per night",New
209,Hotel room in Honolulu,https://www.airbnb.com/rooms/53184130?check_in=2022-08-14&check_out=2022-09-05&previous_page_section_name=1000&federated_search_id=7b49b015-4907-4e9c-8908-9e6b1e021847,2 double beds,"$1,272 per night",New
210,Home in Haleiwa,https://www.airbnb.com/rooms/54037346?check_in=2022-08-14&check_out=2022-09-05&previous_page_section_name=1000&federated_search_id=7b49b015-4907-4e9c-8908-9e6b1e021847,6 beds,"$1,036 per night",New
211,Hotel room in Honolulu,https://www.airbnb.com/rooms/53385741?check_in=2022-08-14&check_out=2022-09-05&previous_page_section_name=1000&federated_search_id=7b49b015-4907-4e9c-8908-9e6b1e021847,3 beds,"$1,151 per night",New
212,Hotel room in Honolulu,https://www.airbnb.com/rooms/50747302?check_in=2022-08-14&check_out=2022-09-05&previous_page_section_name=1000&federated_search_id=7b49b015-4907-4e9c-8908-9e6b1e021847,2 queen beds,"$3,492 per night",New
213,Hotel room in Honolulu,https://www.airbnb.com/rooms/53172175?check_in=2022-08-14&check_out=2022-09-05&previous_page_section_name=1000&federated_search_id=7b49b015-4907-4e9c-8908-9e6b1e021847,1 bed,"$1,614 per night",New
214,Home in Honolulu,https://www.airbnb.com/rooms/50356233?check_in=2022-08-14&check_out=2022-09-05&previous_page_section_name=1000&federated_search_id=7b49b015-4907-4e9c-8908-9e6b1e021847,7 beds,"$1,925 per night",New
215,Bus in Waialua,https://www.airbnb.com/rooms/35469266?check_in=2022-08-14&check_out=2022-09-05&previous_page_section_name=1000&federated_search_id=7b49b015-4907-4e9c-8908-9e6b1e021847,2 sofa beds,$211 per night,New
216,Apartment in Honolulu,https://www.airbnb.com/rooms/35099577?check_in=2022-08-14&check_out=2022-09-05&previous_page_section_name=1000&federated_search_id=7b49b015-4907-4e9c-8908-9e6b1e021847,5 beds,"$1,825 per night",New
217,Home in Honolulu,https://www.airbnb.com/rooms/2811961?check_in=2022-08-14&check_out=2022-09-05&previous_page_section_name=1000&federated_search_id=7b49b015-4907-4e9c-8908-9e6b1e021847,9 beds,"$8,400 per night",New
218,Resort in Honolulu,https://www.airbnb.com/rooms/42561933?check_in=2022-08-14&check_out=2022-09-05&previous_page_section_name=1000&federated_search_id=7b49b015-4907-4e9c-8908-9e6b1e021847,5 beds,"$1,706 per night",New
219,Home in Honolulu,https://www.airbnb.com/rooms/54196295?check_in=2022-08-14&check_out=2022-09-05&previous_page_section_name=1000&federated_search_id=7b49b015-4907-4e9c-8908-9e6b1e021847,8 beds,"$11,988 per night",New
220,Hotel room in Honolulu,https://www.airbnb.com/rooms/53239234?check_in=2022-08-14&check_out=2022-09-05&previous_page_section_name=1000&federated_search_id=7b49b015-4907-4e9c-8908-9e6b1e021847,2 queen beds,$786 per night,New
221,Hotel room in Honolulu,https://www.airbnb.com/rooms/53784697?check_in=2022-08-14&check_out=2022-09-05&previous_page_section_name=1000&federated_search_id=8e934ecc-fa0d-4576-9be5-561c58062151,1 king bed,$707 per night,New
222,Resort in Honolulu,https://www.airbnb.com/rooms/609770214123389117?check_in=2022-08-14&check_out=2022-09-05&previous_page_section_name=1000&federated_search_id=8e934ecc-fa0d-4576-9be5-561c58062151,4 beds,"$1,655 per night",New
223,Home in Haleiwa,https://www.airbnb.com/rooms/53831465?check_in=2022-08-14&check_out=2022-09-05&previous_page_section_name=1000&federated_search_id=8e934ecc-fa0d-4576-9be5-561c58062151,3 beds,"$3,125 per night",New
224,Hotel room in Honolulu,https://www.airbnb.com/rooms/53239165?check_in=2022-08-14&check_out=2022-09-05&previous_page_section_name=1000&federated_search_id=8e934ecc-fa0d-4576-9be5-561c58062151,2 beds,"$2,034 per night",New
225,Resort in Honolulu,https://www.airbnb.com/rooms/42544361?check_in=2022-08-14&check_out=2022-09-05&previous_page_section_name=1000&federated_search_id=8e934ecc-fa0d-4576-9be5-561c58062151,3 beds,"$2,220 per night",New
226,Hotel room in Honolulu,https://www.airbnb.com/rooms/53239198?check_in=2022-08-14&check_out=2022-09-05&previous_page_section_name=1000&federated_search_id=8e934ecc-fa0d-4576-9be5-561c58062151,2 beds,$990 per night,New
227,Hotel room in Honolulu,https://www.airbnb.com/rooms/54008194?check_in=2022-08-14&check_out=2022-09-05&previous_page_section_name=1000&federated_search_id=8e934ecc-fa0d-4576-9be5-561c58062151,2 beds,$827 per night,New
228,Resort in Honolulu,https://www.airbnb.com/rooms/50211377?check_in=2022-08-14&check_out=2022-09-05&previous_page_section_name=1000&federated_search_id=8e934ecc-fa0d-4576-9be5-561c58062151,4 beds,"$3,937 per night",New
229,Hotel room in Honolulu,https://www.airbnb.com/rooms/53385469?check_in=2022-08-14&check_out=2022-09-05&previous_page_section_name=1000&federated_search_id=8e934ecc-fa0d-4576-9be5-561c58062151,3 beds,"$3,492 per night",New
230,Hotel room in Honolulu,https://www.airbnb.com/rooms/37370571?check_in=2022-08-14&check_out=2022-09-05&previous_page_section_name=1000&federated_search_id=8e934ecc-fa0d-4576-9be5-561c58062151,3 beds,"$1,442 per night",New
231,Hotel room in Honolulu,https://www.airbnb.com/rooms/51556924?check_in=2022-08-14&check_out=2022-09-05&previous_page_section_name=1000&federated_search_id=8e934ecc-fa0d-4576-9be5-561c58062151,2 beds,"$3,492 per night",New
232,Hotel room in Honolulu,https://www.airbnb.com/rooms/53792432?check_in=2022-08-14&check_out=2022-09-05&previous_page_section_name=1000&federated_search_id=8e934ecc-fa0d-4576-9be5-561c58062151,3 beds,"$1,484 per night",New
233,Apartment in Honolulu,https://www.airbnb.com/rooms/39944606?check_in=2022-08-14&check_out=2022-09-05&previous_page_section_name=1000&federated_search_id=8e934ecc-fa0d-4576-9be5-561c58062151,5 beds,"$777 per night, originally $897",New
234,Home in Honolulu,https://www.airbnb.com/rooms/51974057?check_in=2022-08-14&check_out=2022-09-05&previous_page_section_name=1000&federated_search_id=8e934ecc-fa0d-4576-9be5-561c58062151,11 beds,"$4,714 per night",New
